name,label
trucks/00000053.jpg,trucks
trucks/00000188.jpg,trucks
trucks/00000104.jpg,trucks
trucks/00000159.jpg,trucks
trucks/00000095.jpg,trucks
trucks/00000001.jpg,trucks
trucks/00000055.jpg,trucks
trucks/00000123.jpg,trucks
trucks/00000129.jpg,trucks
trucks/00000189.jpg,trucks
trucks/00000143.jpg,trucks
trucks/00000124.jpg,trucks
trucks/00000125.jpg,trucks
trucks/00000038.jpg,trucks
trucks/00000171.jpg,trucks
trucks/00000044.jpg,trucks
trucks/00000026.jpg,trucks
trucks/00000164.jpg,trucks
trucks/00000161.jpg,trucks
trucks/00000056.jpg,trucks
trucks/00000163.jpg,trucks
trucks/00000062.jpg,trucks
trucks/00000082.jpg,trucks
trucks/00000083.jpg,trucks
trucks/00000153.jpg,trucks
trucks/00000181.jpg,trucks
trucks/00000149.jpg,trucks
trucks/00000140.jpg,trucks
trucks/00000177.jpg,trucks
trucks/00000152.jpg,trucks
trucks/00000049.jpg,trucks
trucks/00000050.jpg,trucks
trucks/00000066.jpg,trucks
trucks/00000002.jpg,trucks
trucks/00000074.jpg,trucks
trucks/00000025.jpg,trucks
trucks/00000045.jpg,trucks
trucks/00000041.jpg,trucks
trucks/00000071.jpg,trucks
trucks/00000081.jpg,trucks
trucks/00000100.jpg,trucks
trucks/00000035.jpg,trucks
trucks/00000151.jpg,trucks
trucks/00000059.jpg,trucks
trucks/00000089.jpg,trucks
trucks/00000162.jpg,trucks
trucks/00000018.jpg,trucks
trucks/00000190.jpg,trucks
trucks/00000146.jpg,trucks
trucks/00000005.jpg,trucks
trucks/00000156.jpg,trucks
trucks/00000133.jpg,trucks
trucks/00000194.jpg,trucks
trucks/00000118.jpg,trucks
trucks/00000197.jpg,trucks
trucks/00000112.jpg,trucks
trucks/00000067.png,trucks
trucks/00000110.jpg,trucks
trucks/00000131.jpg,trucks
trucks/00000086.jpg,trucks
trucks/00000000.jpg,trucks
trucks/00000094.jpg,trucks
trucks/00000032.jpg,trucks
trucks/00000099.jpg,trucks
trucks/00000047.jpg,trucks
trucks/00000108.jpg,trucks
trucks/00000072.jpg,trucks
trucks/00000028.jpg,trucks
trucks/00000142.jpg,trucks
trucks/00000139.jpg,trucks
trucks/00000147.jpg,trucks
trucks/00000132.png,trucks
trucks/00000115.jpg,trucks
trucks/00000122.jpg,trucks
trucks/00000046.jpg,trucks
trucks/00000183.jpg,trucks
trucks/00000084.jpg,trucks
trucks/00000116.jpg,trucks
trucks/00000054.jpg,trucks
trucks/00000186.jpg,trucks
trucks/00000079.jpg,trucks
trucks/00000039.jpg,trucks
trucks/00000011.jpg,trucks
trucks/00000192.jpg,trucks
trucks/00000078.jpg,trucks
trucks/00000014.jpg,trucks
trucks/00000193.jpg,trucks
trucks/00000134.jpg,trucks
trucks/00000182.jpg,trucks
trucks/00000058.jpg,trucks
trucks/00000168.jpg,trucks
trucks/00000021.jpg,trucks
trucks/00000174.jpg,trucks
trucks/00000087.jpg,trucks
trucks/00000170.jpg,trucks
trucks/00000117.jpg,trucks
trucks/00000061.jpg,trucks
trucks/00000136.jpg,trucks
trucks/00000113.jpg,trucks
trucks/00000169.jpg,trucks
trucks/00000127.jpg,trucks
trucks/00000154.jpg,trucks
trucks/00000111.jpg,trucks
trucks/00000016.jpg,trucks
trucks/00000157.jpg,trucks
trucks/00000023.jpg,trucks
trucks/00000119.jpg,trucks
trucks/00000069.jpg,trucks
trucks/00000042.png,trucks
trucks/00000051.jpg,trucks
trucks/00000029.jpg,trucks
trucks/00000096.jpg,trucks
trucks/00000160.jpg,trucks
trucks/00000166.jpg,trucks
trucks/00000090.jpg,trucks
trucks/00000030.jpg,trucks
trucks/00000068.jpg,trucks
trucks/00000008.jpg,trucks
trucks/00000036.jpg,trucks
trucks/00000178.jpg,trucks
trucks/00000137.jpg,trucks
trucks/00000076.jpg,trucks
trucks/00000172.jpg,trucks
trucks/00000073.jpg,trucks
trucks/00000173.jpg,trucks
trucks/00000092.png,trucks
trucks/00000009.jpg,trucks
trucks/00000121.jpg,trucks
trucks/00000022.jpg,trucks
trucks/00000015.jpg,trucks
trucks/00000019.jpg,trucks
trucks/00000063.jpg,trucks
trucks/00000199.jpg,trucks
trucks/00000138.jpg,trucks
cars/00000062.jpeg,cars
cars/00000023.png,cars
cars/00000053.jpg,cars
cars/00000176.jpg,cars
cars/00000104.jpg,cars
cars/00000159.jpg,cars
cars/00000095.jpg,cars
cars/00000128.jpg,cars
cars/00000189.png,cars
cars/00000017.png,cars
cars/00000001.jpg,cars
cars/00000184.png,cars
cars/00000097.jpeg,cars
cars/00000165.jpg,cars
cars/00000167.jpg,cars
cars/00000055.jpg,cars
cars/00000039.png,cars
cars/00000110.jpeg,cars
cars/00000026.png,cars
cars/00000067.jpg,cars
cars/00000113.png,cars
cars/00000143.jpg,cars
cars/00000094.png,cars
cars/00000124.jpg,cars
cars/00000038.jpg,cars
cars/00000195.png,cars
cars/00000114.png,cars
cars/00000161.jpg,cars
cars/00000088.jpg,cars
cars/00000042.jpg,cars
cars/00000013.jpg,cars
cars/00000181.jpg,cars
cars/00000075.jpg,cars
cars/00000149.jpg,cars
cars/00000010.jpg,cars
cars/00000129.JPG,cars
cars/00000145.jpg,cars
cars/00000052.jpg,cars
cars/00000140.jpg,cars
cars/00000144.jpg,cars
cars/00000152.jpg,cars
cars/00000049.jpg,cars
cars/00000158.jpg,cars
cars/00000025.jpg,cars
cars/00000031.png,cars
cars/00000045.jpg,cars
cars/00000041.jpg,cars
cars/00000081.jpg,cars
cars/00000100.jpg,cars
cars/00000101.jpg,cars
cars/00000089.jpg,cars
cars/00000162.jpg,cars
cars/00000192.png,cars
cars/00000018.jpg,cars
cars/00000123.png,cars
cars/00000005.jpg,cars
cars/00000133.jpg,cars
cars/00000194.jpg,cars
cars/00000065.png,cars
cars/00000057.png,cars
cars/00000118.jpg,cars
cars/00000155.jpg,cars
cars/00000197.jpg,cars
cars/00000033.jpg,cars
cars/00000012.jpg,cars
cars/00000112.jpg,cars
cars/00000068.png,cars
cars/00000011.png,cars
cars/00000141.jpg,cars
cars/00000175.jpg,cars
cars/00000131.jpg,cars
cars/00000199.png,cars
cars/00000034.jpg,cars
cars/00000086.jpg,cars
cars/00000004.jpg,cars
cars/00000103.jpg,cars
cars/00000000.jpg,cars
cars/00000185.jpg,cars
cars/00000109.jpg,cars
cars/00000032.jpg,cars
cars/00000064.jpg,cars
cars/00000056.png,cars
cars/00000020.jpg,cars
cars/00000047.jpg,cars
cars/00000150.jpg,cars
cars/00000108.jpg,cars
cars/00000072.jpg,cars
cars/00000028.jpg,cars
cars/00000139.jpg,cars
cars/00000060.jpg,cars
cars/00000178.png,cars
cars/00000122.jpg,cars
cars/00000046.jpg,cars
cars/00000098.jpg,cars
cars/00000054.jpg,cars
cars/00000186.jpg,cars
cars/00000078.jpg,cars
cars/00000077.jpg,cars
cars/00000043.jpg,cars
cars/00000014.jpg,cars
cars/00000193.jpg,cars
cars/00000135.jpg,cars
cars/00000134.jpg,cars
cars/00000182.jpg,cars
cars/00000168.jpg,cars
cars/00000087.jpg,cars
cars/00000170.jpg,cars
cars/00000117.jpg,cars
cars/00000190.png,cars
cars/00000076.png,cars
cars/00000187.jpg,cars
cars/00000084.JPG,cars
cars/00000105.jpg,cars
cars/00000169.jpg,cars
cars/00000163.png,cars
cars/00000035.gif,cars
cars/00000074.jpeg,cars
cars/00000111.jpg,cars
cars/00000016.jpg,cars
cars/00000021.png,cars
cars/00000085.jpg,cars
cars/00000157.jpg,cars
cars/00000051.jpg,cars
cars/00000106.jpg,cars
cars/00000040.jpeg,cars
cars/00000096.jpg,cars
cars/00000160.jpg,cars
cars/00000166.jpg,cars
cars/00000116.png,cars
cars/00000090.jpg,cars
cars/00000030.jpg,cars
cars/00000107.jpg,cars
cars/00000027.jpg,cars
cars/00000008.jpg,cars
cars/00000036.jpg,cars
cars/00000180.jpg,cars
cars/00000115.png,cars
cars/00000137.jpg,cars
cars/00000172.jpg,cars
cars/00000073.jpg,cars
cars/00000080.png,cars
cars/00000024.jpg,cars
cars/00000121.jpg,cars
cars/00000022.jpg,cars
cars/00000019.jpg,cars
cars/00000037.jpg,cars
cars/00000063.jpg,cars
cars/00000070.jpeg,cars
cars/00000138.jpg,cars
boats/00000053.jpg,boats
boats/00000104.jpg,boats
boats/00000093.jpg,boats
boats/00000001.jpg,boats
boats/00000165.jpg,boats
boats/00000167.jpg,boats
boats/00000055.jpg,boats
boats/00000033.png,boats
boats/00000026.png,boats
boats/00000129.jpg,boats
boats/00000160.jpeg,boats
boats/00000148.jpg,boats
boats/00000189.jpg,boats
boats/00000112.png,boats
boats/00000124.jpg,boats
boats/00000125.jpg,boats
boats/00000186.png,boats
boats/00000038.jpg,boats
boats/00000171.jpg,boats
boats/00000164.jpg,boats
boats/00000161.jpg,boats
boats/00000056.jpg,boats
boats/00000088.jpg,boats
boats/00000172.JPG,boats
boats/00000042.jpg,boats
boats/00000062.jpg,boats
boats/00000082.jpg,boats
boats/00000013.jpg,boats
boats/00000083.jpg,boats
boats/00000153.jpg,boats
boats/00000003.jpeg,boats
boats/00000018.png,boats
boats/00000181.jpg,boats
boats/00000075.jpg,boats
boats/00000149.jpg,boats
boats/00000010.jpg,boats
boats/00000052.jpg,boats
boats/00000140.jpg,boats
boats/00000144.jpg,boats
boats/00000177.jpg,boats
boats/00000152.jpg,boats
boats/00000060.jpeg,boats
boats/00000049.jpg,boats
boats/00000050.jpg,boats
boats/00000158.jpg,boats
boats/00000002.jpg,boats
boats/00000179.jpg,boats
boats/00000074.jpg,boats
boats/00000025.jpg,boats
boats/00000068.jpeg,boats
boats/00000071.jpg,boats
boats/00000081.jpg,boats
boats/00000000.JPG,boats
boats/00000035.jpg,boats
boats/00000048.jpg,boats
boats/00000151.jpg,boats
boats/00000059.jpg,boats
boats/00000089.jpg,boats
boats/00000162.jpg,boats
boats/00000190.jpg,boats
boats/00000146.jpg,boats
boats/00000196.jpg,boats
boats/00000091.jpg,boats
boats/00000128.png,boats
boats/00000133.jpg,boats
boats/00000194.jpg,boats
boats/00000085.png,boats
boats/00000155.jpg,boats
boats/00000114.jpg,boats
boats/00000070.jpg,boats
boats/00000130.jpg,boats
boats/00000141.jpg,boats
boats/00000110.jpg,boats
boats/00000175.jpg,boats
boats/00000131.jpg,boats
boats/00000034.jpg,boats
boats/00000004.jpg,boats
boats/00000094.jpg,boats
boats/00000142.JPG,boats
boats/00000185.jpg,boats
boats/00000032.jpg,boats
boats/00000064.jpg,boats
boats/00000191.jpg,boats
boats/00000047.jpg,boats
boats/00000150.jpg,boats
boats/00000108.jpg,boats
boats/00000072.jpg,boats
boats/00000028.jpg,boats
boats/00000139.jpg,boats
boats/00000113.JPEG,boats
boats/00000109.png,boats
boats/00000147.jpg,boats
boats/00000119.jpeg,boats
boats/00000057.jpg,boats
boats/00000122.jpg,boats
boats/00000046.jpg,boats
boats/00000098.jpg,boats
boats/00000116.jpg,boats
boats/00000054.jpg,boats
boats/00000067.JPG,boats
boats/00000079.jpg,boats
boats/00000039.jpg,boats
boats/00000077.jpg,boats
boats/00000014.jpg,boats
boats/00000134.jpg,boats
boats/00000178.JPG,boats
boats/00000058.jpg,boats
boats/00000168.jpg,boats
boats/00000021.jpg,boats
boats/00000087.jpg,boats
boats/00000170.jpg,boats
boats/00000045.png,boats
boats/00000061.jpg,boats
boats/00000080.jpg,boats
boats/00000092.jpg,boats
boats/00000105.jpg,boats
boats/00000169.jpg,boats
boats/00000166.png,boats
boats/00000120.JPG,boats
boats/00000154.jpg,boats
boats/00000006.jpg,boats
boats/00000111.jpg,boats
boats/00000007.jpg,boats
boats/00000040.jpg,boats
boats/00000182.jpeg,boats
boats/00000157.jpg,boats
boats/00000023.jpg,boats
boats/00000069.jpg,boats
boats/00000051.jpg,boats
boats/00000029.jpg,boats
boats/00000106.jpg,boats
boats/00000107.jpg,boats
boats/00000027.jpg,boats
boats/00000008.jpg,boats
boats/00000036.jpg,boats
boats/00000180.jpg,boats
boats/00000076.jpg,boats
boats/00000073.jpg,boats
boats/00000009.jpg,boats
boats/00000024.jpg,boats
boats/00000121.jpg,boats
boats/00000015.jpg,boats
boats/00000118.png,boats
boats/00000063.jpg,boats
boats/00000199.jpg,boats
boats/00000097.jpg,boats
